No,Link
1,https://youtube.com/shorts/44dOJZxwxeA?si=E7BgfFHknM_WeWBU
2,https://youtube.com/shorts/gnS3y_uPkkU?si=CoNBNSBWh-OV9kUf
3,https://youtube.com/shorts/9BHLOkTLfwM?si=jfUQg-bxhjOgD_lF
4,https://youtube.com/shorts/85P1miITyQE?si=z7fHg75LN_voaB8t
5,https://youtube.com/shorts/mbGpra-u3og?si=Mn9TaYMSHtmaVySD
6,https://youtube.com/shorts/24wuc1PzKDE?si=mxyPLcL4OBUmyzUz
7,https://youtube.com/shorts/t2hOQ_e4cU4?si=y1o9Uap2ba6ynKSb
8,https://youtube.com/shorts/7HyNA0vDFMI?si=8TsHsI44oIJAeiHF
9,https://youtube.com/shorts/O7M5TPC72Bo?si=KkQ2HiceztsYA-J4
10,https://youtube.com/shorts/D4slQ8FFFyI?si=dZ7OqNdNe6a_FWUd
11,https://youtube.com/shorts/hxrjsvs0Tx8?si=ODrK0J_aRvDFaYx_
12,https://youtube.com/shorts/ms-opKv6U7M?si=1hD6Vyh8R1rcUt-s
13,https://youtube.com/shorts/2o2VDNBqEws?si=wmG3NAue_WttfXL9
14,https://youtube.com/shorts/Xeh-9qzqTzU?si=0T6cIMnO3bObpEHH
15,https://youtube.com/shorts/sSxk8iyrkIc?si=1MB-AVJJNegOQPf-
16,https://youtube.com/shorts/c8BGmUkLczs?si=OJFeuxY0BAnCxdi2
17,https://youtube.com/shorts/fcLcrIm_wCY?si=pvr3Iiktz7ZBS0RT
18,https://youtube.com/shorts/sHSVQOtolLc?si=Fs2YWhrwN3-JBj6k
19,https://youtube.com/shorts/KwSEShicNfQ?si=Ws6nxh5FxOXwRoYS
20,https://youtube.com/shorts/Yrd0QKUx52s?si=iMMer4btUTFbMWYb
21,https://youtube.com/shorts/BIR8mThXE-A?si=enjk1hl2MjYAFWza
22,https://youtube.com/shorts/qDNM3FR6T0g?si=0y44IltP1WjzMomN
23,https://youtube.com/shorts/H7U7V96n8t4?si=3jGX5754DwfSjtBg
24,https://youtube.com/shorts/AGEz8S93YwA?si=AE6QhJDU0t4MtoUT
25,https://youtube.com/shorts/Z7NIvFtEty0?si=-Ea9yWoTPkk8-hCr
26,https://youtube.com/shorts/7C5DJpm6nQw?si=9jM_Cg-AeRSc3Nat
27,https://youtube.com/shorts/1E5xTsGkQEs?si=eGvLqanvfJ9cbplD
28,https://youtube.com/shorts/E7Y0CnmrYdM?si=fFJ7fMNdcnwuMQy5
29,https://youtube.com/shorts/6uOS1hQi8L0?si=Fv8qs3YfY6tIz63j
30,https://youtube.com/shorts/4fWr_BoxQyM?si=OMjvOUbq96d_i_fH
31,https://youtube.com/shorts/MkWhJmfexHc?si=2mouX21HRkgZFycr
32,https://youtube.com/shorts/WRltP9EU9Gg?si=A-M25kuhxNHnqv2X
33,https://youtube.com/shorts/4-igaXIBgoM?si=TClkj0GeWu-bf6wt
34,https://youtube.com/shorts/BoUEmX1xa3g?si=dSdx4mjLTn8J7rkI
35,https://youtube.com/shorts/F7ZXCTL5PSw?si=LQFs9IRLIFK5BMng
36,https://www.youtube.com/watch?v=btFr4NPRhnU
37,https://youtube.com/shorts/Q2F-j2C8ghc?si=4L99-LuKzh2T5JM-
38,https://youtube.com/shorts/HlyvPa-hQ5M?si=R-Lhbr7MCzTFyTl6
39,https://youtube.com/shorts/mwhrk37gU8g?si=ktTHHAXPa2ZDyveE
40,https://youtube.com/shorts/KTNDS9_rUo4?si=xTqdGM7kAACp7f1t
41,https://youtube.com/shorts/GhcQmBP1Tjw?si=-Ijo8FEPxhL2BHlg
42,https://youtube.com/shorts/RsK5ltdrTg0?si=4HADS-XmcIYFIVwi
43,https://youtube.com/shorts/_L0BUhdZK5A?si=9bu8LX3UN5mxL3on
44,https://youtube.com/shorts/pFcw79kVIk0?si=FCtAYD0zlStAsu6G
45,https://youtube.com/shorts/MIIMciOtN_A?si=UqsG0x5WH1ijFmVc
46,https://youtube.com/shorts/MB7dgC0i6fI?si=D_B59-fOJS9RD_BF
47,https://youtube.com/shorts/gQ4rPcB1EYw?si=YYqVjQ3SvpSCOkj4
48,https://youtube.com/shorts/h_6uRlvAjrI?si=CwdnJ8tXQOACb0IR
49,https://youtube.com/shorts/Y6u-rfTkK5o?si=E8k26zwNveIGBlyf
50,https://youtube.com/shorts/Og6I88QFDA8?si=85bosAl8fXFZt3mT
51,https://youtube.com/shorts/5mz3IL1ZHyQ?si=JW6uDz_aSBAk4d4L
52,https://youtube.com/shorts/0UhXyzf7vik?si=WOlDaACay9ffhorc
53,https://youtube.com/shorts/_zgnKNSNBPw?si=8IICbRB69bkx87dH
54,https://youtube.com/shorts/Q_0Idbx_QAw?si=i2EORVw4FS6IQPx9
55,https://youtu.be/78lY-dD74KE?si=5NVvKEmvB4ftH5zL
56,https://youtu.be/8k0j0NW8WeE?si=NeQVDtBGygHXTgFT
57,https://youtube.com/shorts/WzAAPKP8b1E?si=_0du6fkJ3F8z3cLO
58,https://youtube.com/shorts/sfZAiVQ-YMk?si=n2SEdejh0ZI0QYOz
59,https://youtu.be/eSHz8BuuSTY?si=Fd79111KdCqZ9YPz
60,https://youtu.be/3RgJ7aK2xF0?si=M9qoNNjc2T8J8fmT
61,https://youtu.be/JaPRabHzcQI?si=MUZPCFshx-TuzCQ2
62,https://youtu.be/XB09EuUy3LI?si=drJwCPKa-g6fkO0l
63,https://youtu.be/LwRSIVad7F8?si=hJ_2IuMSuJ5QT1NV
64,https://youtu.be/yj7hLPR0tkk?si=SHAZRn7s-JzWCjVE
65,https://youtu.be/d2jJ6D2Q-Rc?si=KeUilzLgvaXnEVhi
66,https://youtu.be/_yjBf9jvQVM?si=9zYYblSzVrlmb_Iq
67,https://youtu.be/VpYkCvflGJY?si=HbQoq8say7ioPWL-
68,https://youtu.be/mVnq7RpERDA?si=PRDEGTdkCyrDSZTV
69,https://youtu.be/T9GS03FYSFk?si=tg-r1ZUIbL5BSMNW
70,https://youtube.com/shorts/gbprICSZpMA?si=u7qU_oBE52HQozbY
71,https://youtube.com/shorts/4-SNTz0J3cg?si=Eu73GLvSadvtPH7D
72,https://youtube.com/shorts/q0KEY1Qjib0?si=TSDR0_0vXVW9FUre
73,https://youtube.com/shorts/XZ3Io0Wqwz8?si=px26kswGEzZ2fBLl
74,https://youtube.com/shorts/TmUfgWtd0og?si=G-JwFUOGmmtFc6Aw
75,https://youtu.be/X_CNbs5EnAI?si=z9zRbf_umaG1M0Ea
76,https://youtu.be/J5_n6Hkpo44?si=ia-dDUGUONDetFbC
77,https://youtu.be/KeONuW5UGqY?si=oiVOFfhSn_LngiM8
78,https://youtu.be/BWeL4N-s-V4?si=Q9gJyE6S65DSvJY_
79,https://youtu.be/fTVo5A0EqnQ?si=mqnNbyT3qpSTeuBS
80,https://youtu.be/ZJR3SjlAoMU?si=f67zgnJxaA92JiSR
81,https://youtu.be/ua80spoyfr8?si=QZMATcbGJRUgxoAg
82,https://youtu.be/ZI9z1U98IRE?si=jNlZxTDT2mqEC1AY
83,https://youtu.be/NvjkeMP4NO0?si=gKXRgYJYUeTgutSS
84,https://youtu.be/RMaw-F4GuE0?si=XTNnOld5kzzZP_Ix
85,https://youtu.be/YYiS-nRHpRU?si=Vy9AZ511Jtr75YcV
86,https://youtu.be/8Sj7hcG7HjI?si=7CJ_E_Cyyg2oHwKV
87,https://youtu.be/ytSyKDjPEx8?si=zP44uSAsMbpHrb6b
88,https://youtu.be/2Cm6ZqPckJk?si=FCT15JkSBpZiQuVg
89,https://youtu.be/_7DR40-ipsk?si=KsfYSNbLpQxz8TI5
90,https://youtu.be/supZxa4TOFw?si=122QCbLB_KTX6hFd
91,https://youtu.be/BU8LxG0tfXU?si=KMq90SBsdfOqVz7p
92,https://youtu.be/U8Y6QTk0P3E?si=bZjsenz-xV4T332f
93,https://youtu.be/95tgQpRoKyE?si=z1POl95SpUtYcpPk
94,https://youtu.be/JF84m43DKX8?si=ulroTL46prHAg23L
95,https://youtu.be/ENSrA8EJV5s?si=aWjLc0XUzzhaFa5A
96,https://youtu.be/UK2Kml68byY?si=FOWehIsqo1kXS6Lj
97,https://youtu.be/rc2uAhqRIQc?si=1DYWr2WRqoy8EYf2
98,https://youtu.be/6IQj76U24-I?si=UUqX1zRNGE4KhLvy
99,https://youtu.be/s8lRRLiJbg0?si=JR1SFoc0RaHdKyeV
100,https://youtu.be/lYeGfTiWNv4?si=gadnD6RSvEWW8toh
101,https://youtu.be/xa7ldDtY85A?si=YJeb7YrmX0XODC0T
102,https://youtu.be/c4MIoMj-K90?si=myjlXgeQ39IC1IZD
103,https://youtu.be/nU7ksmOhh04?si=NZ2awx97PKn2keq1
104,https://youtu.be/3z97W1RIXiw?si=-tyfLDrao3qIGoNv
105,https://youtu.be/oFePwNmyGGk?si=Gb10XADcTm9NjiL6
106,https://youtu.be/pzh9TjEKZRk?si=Y2JoH_R73pzQGGHb
107,https://youtu.be/zKhBsCJQYC0?si=lS76-qrRxMUuFXzn
108,https://youtu.be/1Cr3F0Wodc8?si=o3ncsOqHiW1gpftq
109,https://youtu.be/VwjAne_Rllc?si=lr5-wwldG1LO7F12
110,https://youtu.be/d0bcbfTT58s?si=f6ggLZ5-njz5Zk4U
111,https://youtu.be/KdOZW7wOeIg?si=BsOXKUBAg8_LgVfn
112,https://youtu.be/WR72S0dkQmU?si=4qb9fbWgb-cIDgNv
113,https://youtu.be/c-ZZu8en3i0?si=zrnOylv0qLeSGKSu
114,https://youtu.be/UcE7-g5r1_I?si=Hb_9-OwDFCWOq9sn
115,https://youtu.be/zqv7ENToios?si=vYbWeDhsVJWpgbI1
116,https://youtu.be/GymCgcLfUU8?si=Inmt35laHo3_cFDU
117,https://youtu.be/GCIIq20za4w?si=-g51-gvgPpAWa3Ye
118,https://youtu.be/-RwQ86J7xAY?si=3T4Bn5QzQUNPYxof
119,https://youtu.be/JSZSPqLLbfw?si=EUJgYHSuVIy-VrNl
120,https://youtu.be/czFBTfP22O8?si=zv6mZ_BV-HSf69JS
121,https://youtu.be/ZIU8vOQhtkg?si=oqo8v5USwt0BA5oS
122,https://youtube.com/shorts/nR1AvHMpb4w?feature=share
123,https://youtu.be/1dRlcCz_OqM?si=g4IzjzzNKIayPttj
124,https://youtu.be/7UM0TrQyeoQ?si=KgqqIBArhsPOnXRP
125,https://youtu.be/UHdwZLKRCRg?si=jkQFJd3wFUlCszMe
126,https://youtube.com/shorts/HDIdYOOEQYE?si=6_OnTR4676bVi92S
